nodeId	title	snippet
79fa79b9-a11e-4527-af19-202f07567615	Why do I have to book travel in the program?	# **Why do I have to book travel in the program?** Booking within [Amazon Travel & Events](https://w.amazon.com/bin/view/TravelAndEvents/) is required. The program provides safety, cost savings, booki
8d821dd4-b829-4d69-8a50-50b5f2b9d211	Where Can I Locate My Previously Booked Trips? (Regional)	# **Where can I locate my previously booked trips?** Select Trips Library from the main menu in the [Self-Service Booking Tool](https://booktravel.corp.amazon.com/) to access current and past trips, i
eb558531-15e7-4030-bed0-72eaa07b6f9c	Why is my booking out of policy?	"# **Why is my booking out of policy?** The ""Out of Policy"" flag in the [Self-Service Travel Booking Tool](https://booktravel.corp.amazon.com/) helps you identify options that comply with the [Global T"
36f2d803-57d2-4ed3-b21e-caba8f6a2e34	Where Can I Locate My Previously Booked Trips? (Global Access)	# **Where can I locate my previously booked trips?** Select Trips from the main menu in the [Self-Service Booking Tool](https://booktravel.corp.amazon.com/) to access current and past trips, including
dbd5222a-4eed-49c9-a87d-54b7edd051ac	What size rental car am I allowed to book?	# **What size rental car am I allowed to book?** Book up to intermediate size vehicles (mini, economy, or compact) through the [Self-Service Travel Booking Tool](https://booktravel.corp.amazon.com/). 
bbbc8609-7cc8-4e90-9edc-cf1009020f63	I need to change my travel plans (Global Access)	# **I need to change my travel plans** Use the [Self-Service Travel Booking Tool](https://booktravel.corp.amazon.com/) to cancel or rebook your trip. Self-service supports cancellations and modificati
5a67d52f-6b49-48d3-8697-293e322c03c5	What Am I Allowed to Book?	# **What am I allowed to book?** Travelers are strongly encouraged to book preferred suppliers identified in the [Self-Service Booking Tool](https://booktravel.corp.amazon.com/). Preferred supplier ra
f0093e4c-160e-401a-bacb-f4427b9d0728	What Is the Process for Booking a Seat? (Global Access)	# **What is the process for booking a seat?** Book the Lowest Logical Fare with a seat assignment and baggage included. The [Self-Service Booking Tool](https://booktravel.corp.amazon.com/) highlights 
48046e91-af74-4c6d-8f0d-b93647a424d4	How Do I Request Medical Accommodation for Travel?	# **How do I request medical accommodation for travel?** Contact [Disability and Leave Services](https://w.amazon.com/bin/view/AET/Reyes-org/global-Travel/) (DLS) to request travel accommodations due 
e3e46a05-92f7-43b1-81bf-74710b447725	How Do I Set Up My Travel Profile? (Japan)	# **How do I set up my Travel Profile?** You must create a Travel Profile in the [Self-Service Booking Tool](https://booktravel.corp.amazon.com/) before booking business travel. Your Travel Profile se
ec0c13bb-da1a-4808-a2a1-42cd3e24c977	How Do I Book Travel For Work at Amazon?	# **How do I book travel for work at Amazon?** Access the [Self-Service Booking Tool](https://booktravel.corp.amazon.com/) to book flights, hotels, car rentals, and rail travel. ## First-time booking 
61598f6d-d0a2-4521-a2a5-fef356e5871f	Can I upgrade my fare using miles?	# **Can I upgrade my fare using miles?** Yes. After booking travel through the [Self-Service Travel Booking Tool](https://booktravel.corp.amazon.com/), you may contact the airline directly to request 
ee381c40-2a21-48a6-b6fa-24d0a2ced64e	How do I report a car accident while traveling for business?	# **How do I report a car accident while traveling for business?** Contact emergency services first if there are injuries or immediate safety concerns. Then visit [Amazon Travel Risk Management](https
ea1d3ee7-fa27-4905-a6eb-d26dac5a676f	Do I need a visa for travel?	# **Do I need a visa for travel?** You must complete a pre-travel immigration assessment through the International Business Travel Guided Experience before traveling internationally. This assessment d
1e6e74ea-4257-47d3-874d-628909348fc3	Am I Allowed to Upgrade My Fare Class? (Global Access)	# Am I Allowed to Upgrade My Fare Class? (Global Access) Yes. Amazon reimburses only the Lowest Logical Fare in economy class. You must pay the difference between the policy-approved fare and the upgr
b9ce83b0-b104-421f-82bd-52202ac1382c	Am I allowed to upgrade my fare class? (Regional)	# **Am I allowed to upgrade my fare class?** (Regional) Yes. Amazon reimburses only the Lowest Logical Fare in economy class. You must pay the difference between the policy-approved fare and the upgra
5bd55d03-9de3-4eb0-9dfd-74e8aad0d472	Can I get permission to upgrade for long-haul flights?	# **Can I get permission to upgrade for long-haul flights?** Yes. Amazon has a defined process for granting cabin upgrade exceptions through the Premium Economy Accommodation (PEA) program. Travelers 
046dc0ed-0bed-4b8f-8de7-817b5b20548e	What Is The Process for Booking a Seat? (Regional)	# **What is the process for booking a seat?** Book the Lowest Logical Fare with a seat assignment and baggage included. The [Self-Service Booking Tool](https://booktravel.corp.amazon.com/) highlights 
a16a43a1-ba36-44bf-a33f-c2470902c267	Can I Combine Work and Personal Travel?	# **Can I combine work and personal travel?** Yes. You can extend business trips to add personal time with line manager approval. Amazon reimburses only the costs associated with the business portion 
d8f9f890-1075-49ac-ad5c-aa98aea89312	Expense Types Table (Emburse)	# Expense Types and Descriptions | **Report Type** | **Category/Drawer** | **Expense Type** | **Countries** | **GL Code** | **Description** | | --- | --- | --- | --- | --- | --- | | General Expenses |
9b75108f-b8fe-4992-b008-4de72433d250	How Do I Set Up My Travel Profile? (Global Access)	# **How do I set up my Travel Profile?** You must create a Travel Profile in the [Self-Service Booking Tool](https://booktravel.corp.amazon.com/) before booking business travel. Your Travel Profile se
1fc1d541-01ed-42b0-b70a-50ac9f095dfe	I need to change my travel plans (Regional)	# **I need to change my travel plans** Use the [Self-Service Travel Booking Tool](https://booktravel.corp.amazon.com/) to cancel or rebook your trip. Self-service supports cancellations and modificati
df856485-44b7-4b7b-be6a-eee5c127d7ac	Can I earn personal miles or loyalty points when traveling for business?	# **Can I earn personal miles or loyalty points when traveling for business?** Yes. You can earn personal loyalty miles and points when traveling for business through the [Self-Service Travel Booking 
12eb2d6b-cbed-4cf6-a989-0486700f2123	Do I Need Rental Car Insurance for Work Travel?	# **Do I need rental car insurance for work travel?** Amazon provides Collision Damage Waiver (CDW) and Liability Damage Waiver (LDW) insurance for business rentals when you book through the [Self-Ser
1066c902-eb00-4a76-a21f-2e3a23cef1cf	How Do I Set Up My Travel Profile? (China)	# **How do I set up my Travel Profile?** You must create a Travel Profile in the [Self-Service Booking Tool](https://booktravel.corp.amazon.com/) before booking business travel. Your Travel Profile se
95bbc7e7-5b89-4a8a-86ef-8900a48c0b33	How do I get technical support for the Self-Service Travel Booking Tool?	# **How do I get technical support for the Self-Service Travel Booking Tool?** Access [Travel RIVER](https://river.amazon.com/?org=GTE) to get support, report an issue, or suggest a feature enhancemen
534afec7-9bde-47ae-ac52-65d23794e13a	Do I need my manager's approval to book travel?	# **Do I need my manager's approval to book travel?** No. Manager approval is not required for most business travel bookings through the [Self-Service Travel Booking Tool](https://booktravel.corp.amaz
0903b14a-a56b-48c5-a174-ca26599501be	How Do I Set Up My Travel Profile? (India)	# **How do I set up my Travel Profile?** You must create a Travel Profile in the [Self-Service Booking Tool](https://booktravel.corp.amazon.com/) before booking business travel. Your Travel Profile se
7d3c74ad-ee31-4a44-867e-21fdacca6f99	Do I Need Travel Insurance?	# **Do I need travel insurance?** Amazon provides travel insurance and assistance coverage for business travel. You do not need to purchase separate travel insurance. Refer to the section 10.4 [Travel
03a549e2-a7b3-4ca8-b065-370383d0eb3c	Where Can I Locate a Trail Code?	# **Where can I locate a Trail code?** [Trail](https://trail.amazon.dev/trips) is Amazon's system that tracks business travel for employees based in the United States. It ensures you complete necessar
ca272654-e5f7-409b-97eb-83c7c074d755	Am I Allowed to Book Personal Travel in the Self-Service Travel Booking Tool?	# **Am I allowed to book personal travel in the Self-Service Travel Booking Tool?** No. The [Self-Service Travel Booking Tool](https://booktravel.corp.amazon.com/) is for business travel only. Amazon'
12b5f17e-2564-4fa5-91b6-4b6c19727141	Where do I locate Travel Counselor contact information?	# **Where do I locate Travel Counselor contact information?** Find [Travel Counselor](https://w.amazon.com/bin/view/TravelAndEvents/Support/) contact information — including phone, email, chat, and ho
d0a649a4-0375-45cc-afbb-1a62fe2e5716	How Do I Set Up My Travel Profile? (Regional)	# **How do I set up my Travel Profile?** You must create a Travel Profile in the [Self-Service Booking Tool](https://booktravel.corp.amazon.com/) before booking business travel. Your Travel Profile se
72c9d977-6140-4f01-8d82-ba48886704d9	What Hotel Accommodations am I Allowed to Book?	# **What hotel accommodations am I allowed to book?** Book the lowest refundable standard hotel room rate on a single-occupancy basis near your work destination through the [Self-Service Travel Bookin
043a0274-aabe-4b8b-be5a-4ebc7922282b	Why can I not see the Amazon form of payment when booking my flight?	# **Why can I not see the Amazon form of payment when booking my flight?** If you cannot select the Amazon form of payment (Amazon Central Bill Solution), your booking likely includes one or more pers
97a7a52c-c38c-4296-95ad-cb8651afb1f8	Why am I receiving a new hotel confirmation I did not request?	# **Why am I receiving a new hotel confirmation I did not request?** [Amazon Travel & Events](https://w.amazon.com/bin/view/TravelAndEvents/) uses automated auditing technology that monitors your hote
6146c5df-bd75-4a26-8374-4737c4a7a8ed	What Flights Am I Allowed to Book?	# **What flights am I allowed to book?** Book the Lowest Logical Fare in Coach/Economy Class that includes a seat assignment through the [Self-Service Booking Tool](https://booktravel.corp.amazon.com/
094f3031-efc8-4d58-b35e-8b22ff9ed346	I was charged for a hotel after cancelling my booking	# **I was charged for a hotel after cancelling my booking** If you cancelled a hotel booking through the [Self-Service Travel Booking Tool](https://booktravel.corp.amazon.com/) and were still charged,
289ab19b-8d21-408a-8aae-8f019b2130a3	How Do I Cancel or Modify a Hotel Booking? (Regional)	# **How do I cancel or modify a hotel booking?** (Regional) Use the [Self-Service Travel Booking Tool](https://booktravel.corp.amazon.com/) to modify or cancel your hotel booking. Most hotel changes c
29548b53-77d9-4269-8e99-9f28ddb25979	How Do I Cancel or Modify a Hotel Booking? (Global Access)	# **How do I cancel or modify a hotel booking?** (Global Access) Use the [Self-Service Travel Booking Tool](https://booktravel.corp.amazon.com/) to modify or cancel your hotel booking. Most hotel chan
5dc3eba9-1df1-4ba1-9569-87c5f249d1b6	What Expenses Are Reimbursable? - China	# **What expenses are reimbursable?** Amazon defines business expenses as those approved and necessary to the performance of your job, reflecting good judgment and [Amazon's Leadership Principle of Fr
70dfa225-0854-47db-95e0-ded3259e1518	What Expenses Are Reimbursable? - India	# **What expenses are reimbursable?** Amazon defines business expenses as those approved and necessary to the performance of your job, reflecting good judgment and [Amazon's Leadership Principle of Fr
2f61b560-d323-4e34-8bf1-1e871017c5a8	What Expenses Are Reimbursable? - Global-ish	# **What expenses are reimbursable?** Amazon defines business expenses as those approved and necessary to the performance of your job, reflecting good judgment and [Amazon's Leadership Principle of Fr
c7987f4b-4444-4bf5-91d9-0fd54cd901d4	What Is the Deadline for Submitting Expenses? - Global	# **What is the deadline for submitting expenses?** The [Global Travel and Expense Policy](https://policy.a2z.com/docs/176324/publication) requires employees submit expense reports in the [Expense Too
7cd776d3-dc3d-4fce-b69e-b5800f8e3c07	How Do I Submit an Expense Report? - Global	An expense tool migration is currently underway from [Concur](https://expenses.corp.amazon.com/) to [Emburse](https://app.us2.chromeriver.com/login/sso/saml?idp=amazon.com). Visit the Expense Tool Mig
1da0befd-6bc7-4ce1-a1a9-7707dc3c7a5c	What Expenses Are Reimbursable? - Switzerland	# **What expenses are reimbursable?** Amazon defines business expenses as those approved and necessary to the performance of your job, reflecting good judgment and [Amazon's Leadership Principle of Fr
cbfc28e5-8785-4de9-8e9d-1ff14afc8ed7	What Expenses Are Reimbursable? - Non-Amazonians	# **What expenses are reimbursable?** Amazon defines business expenses as those approved and necessary to the performance of your job, reflecting good judgment and [Amazon's Leadership Principle of Fr
81b4a939-5ff3-432a-be7a-9cc5f492dc11	My Expense Report Was Rejected. What Do I Do Now? - Global	# My expense report was rejected. What do I do now? Most expense reports are processed and paid within 4 business days. If your submitted expense report has been pending with no movement for more than
2ce1871c-51f2-4fc1-ad25-b6b23119e190	How Do I Find the Right Expense Type? - Global	# **How do I find the right expense type?** The Expense Type Guide ([Concur](https://w.amazon.com/bin/view/Expense_Type/), [Emburse](https://atoz.amazon.work/pages/amazon-travel-events-expense/expense
3bebdb8f-248e-404f-b4db-f3eeea3564ce	What Expenses Are Reimbursable? - Germany	# **What expenses are reimbursable?** Amazon defines business expenses as those approved and necessary to the performance of your job, reflecting good judgment and [Amazon's Leadership Principle of Fr
57d2643d-ec89-4f9d-bb00-58f4abef30fe	How Long Does It Take to Get Reimbursed? - Global (Copy)	# How long does it take to get reimbursed? Most expense reports are processed and paid within 4 business days. ## Why your expense report may take longer to process: If your submitted expense report h
2e074e68-3a67-404e-b05c-98d7965f2d79	Are Meals Covered During Business Travel? - Global	# Are meals covered during business travel? Amazon has you covered for meals and snacks while you're traveling away from home for business. ## **Per diem and regional guidance** Visit the [Travel Reim
e832b61c-bda3-4e9d-adff-0902f36861ea	Are Mobile Phone Expenses Reimbursable? - Global	# Are mobile phone expenses reimbursable? **For employees L4-L8, Amazon reimburses up to $50 USD per month of your personal mobile phone base plan.** Exceptions apply for L1-3 and L10+. ## How to get 
cd2c1ca1-fbe5-4b9e-a384-9c3fd4dd3daa	How Do I Get Support for My Expense Report? - Global	# **How do I get support for my expense report?** You have a few options to help you navigate the process of submitting an expense report. **Self-service support** Visit the [Expense & Corporate Card 
1ad8360d-d279-4f6e-a17b-fc014df462f4	What Should I Do if I Lost a Receipt? - Global	# **What do I do if I lost a receipt?** If you are missing a required receipt for an expense report, you have three options: 1. **Contact the merchant to request a new receipt.** This option provides 
0765f678-af1f-47b9-adaf-c511037b9604	I Accidentally Used My Corporate Card for a Personal Expense. What Should I Do? - Global	## **Repaying Personal Expenses (Emburse)** If you accidentally used your corporate card for a personal expense, need to split an expense as partially personal, or otherwise need to repay Amazon, you 
